title,description
Gazelle Bold Shoes,"Elevated with a bold sole and timeless suede upper, these shoes offer a striking twist on a classic."
Gazelle Indoor Shoes,"Designed for the indoor athlete, these feature a low-profile and a classic gum sole for functional style."
Samba Classic,"The Samba Classic maintains its iconic soccer-inspired silhouette and brown gumsole for a sporty, vintage look."
Forum Low CL Shoes,"These sneakers merge a sleek, low-cut design with an adjustable strap for a secure, retro-inspired fit."
Campus 00s Shoes,"With a streamlined look and comfortable fit, the Campus 00s are a modern take on a laid-back skate style."
Stan Smith Shoes,"A staple of court-side style, the Stan Smith offers a simple, elegant design that has transcended its tennis roots."
Samba OG Shoes,"The Samba OG stays true to its legacy with a leather upper and suede T-toe, making it a timeless streetwear choice."
Kaptir Flow Shoes,"These runners combine a sleek, street-ready design with cloud-like cushioning for all-day comfort and style."
Cloudfoam Pure Shoes,"Featuring a plush cloudfoam midsole, these shoes wrap your feet in superior comfort and minimalist style."
Superstar Shoes,"The iconic shell-toe design of the Superstar provides a signature look that has dominated the streets for generations."
Duramo SL Wide Running Shoes,"Built for the dedicated runner, these shoes offer a wide fit and superior cushioning for enduring support."
Grand Court Alpha Cloudfoam Lifestyle Court Comfort Shoes,"These lifestyle shoes take inspiration from tennis classics, reimagined with Cloudfoam comfort for daily wear."
Ultraboost 1.0 Shoes,"The Ultraboost 1.0 Shoes boast energy-returning cushioning and a knit upper for a blend of performance and style."
Court Team Bounce 2.0 Shoes,"These court shoes offer responsive cushioning and a supportive upper for agility and power on the court."
Gazelle Indoor Shoes,"A sleek reissue of the 1979 classic with a distinctive translucent gum sole and suede upper for indoor play and style."
X_PLRBOOST Shoes,"Blending the X_PLR silhouette with Boost cushioning for comfort, these shoes are built for urban exploration."
Pureboost 23 Running Shoes,"Made for city running, these shoes combine a Boost midsole with a stylish and breathable upper."
Swift Run 1.0 Shoes,"These everyday sneakers offer a comfortable, sock-like fit with an aesthetic that's both retro and modern."
OZWEEGO Shoes,"The OZWEEGO takes inspiration from the '90s with a chunky silhouette and incorporates modern cushioning for a bold statement."
Cloudfoam Pure Shoes,"These women's shoes envelop your feet in a stretchy, mesh upper with a memory foam sock liner and Cloudfoam cushioning."
Puremotion Adapt Shoes,"These slip-on shoes feature a foot-hugging knit upper and a female-specific fit for a sleek look and feel."
Stan Smith Lux Shoes,"The luxurious version of the classic Stan Smith, featuring premium materials for an elevated style."
Gazelle ADV Shoes,"A modern version of the classic Gazelle, these ADV shoes update the heritage look with a sleeker profile and reinforced details."
NMD_R1 Shoes,"Fusing streetwear with technology, the NMD_R1 shoes offer a Primeknit upper and responsive Boost cushioning."
TERREX Free Hiker 2.0 Hiking Shoes,"These hiking shoes are designed for comfort and durability, blending outdoor tech with sneaker-style versatility."
Busenitz Pro Shoes,"Designed in collaboration with pro skater Dennis Busenitz, these shoes are built to handle the rigors of street skating."
Shmoofoil Shoes,"Featuring the signature Shmoofoil graphic, these shoes bring a playful edge to a skateboarding classic."
Grand Court Cloudfoam Lifestyle Court Comfort Shoes,"Inspired by sporty tennis styles, these shoes provide Cloudfoam comfort for everyday elegance."
Dropset 2 Training Shoes,"Designed for intense workouts, these shoes offer stability and support to handle any training regimen."
Racer TR23 Shoes,"These running shoes are crafted for those who demand performance and speed, with a sleek design and cushioned support."
